decimalLatitude,decimalLongitude
-37.783333,174.9
-34.36951,21.41333
-34.040007,18.810083
-33.99059,18.43165
-33.973254,18.478423
-33.945431,18.483862
-33.921477,18.922704
-30.404468,31.026098
-30.404468,31.026098
-30.404468,31.026098
-30.404468,31.026098
-30.301216,30.742784
-30.3012,30.7427
-30.29948,30.74273
-29.875,30.875
-29.745219,31.043094
-29.627332,30.402319
-29.625,30.375
-29.625,29.875
-29.625,30.875
-29.625,30.375
-29.625,30.375
-29.625,30.375
-29.625,30.375
-29.625,30.375
-29.625,30.375
-29.625,30.375
-29.625,30.375
-29.625,30.375
-29.625,30.875
-29.625,30.875
-29.625,30.875
-29.625,30.875
-29.625,30.875
-29.625,30.875
-29.625,30.875
-29.625,30.625
-29.625,30.625
-29.625,29.875
-29.625,30.875
-29.625,30.625
-29.625,30.875
-29.625,30.375
-29.625,30.875
-29.625,30.375
-29.625,30.875
-29.625,30.875
-29.625,30.375
-29.625,30.875
-29.625,30.375
-29.625,30.875
-29.625,30.375
-29.47861,30.2654
-29.375,30.125
-29.375,31.375
-29.375,30.875
-29.375,30.125
-29.375,30.125
-29.375,31.125
-29.375,30.875
-29.375,30.875
-29.375,31.375
-29.375,31.375
-29.375,30.125
-29.375,30.125
-29.375,30.125
-29.375,31.375
-29.375,31.375
-29.375,29.375
-29.35777,30.52647
-29.125,29.625
-29.125,30.875
-29.125,29.875
-29.125,30.875
-29.125,29.875
-29.125,29.875
-29.125,29.625
-29.125,31.375
-29.125,31.375
-29.0441,29.8398
-28.875,31.875
-28.875,31.375
-28.875,31.875
-28.875,29.375
-28.875,31.375
-28.875,29.375
-28.875,31.375
-28.875,31.875
-28.875,29.375
-28.875,31.375
-28.875,31.875
-28.875,30.875
-28.866667,29.85
-28.663013,29.031317
-28.625,31.625
-28.625,31.625
-28.625,29.375
-28.625,31.125
-28.625,29.875
-28.625,29.375
-28.625,29.875
-28.625,31.625
-28.625,31.625
-28.625,29.875
-28.625,30.875
-28.625,30.375
-28.625,29.875
-28.625,29.875
-28.55967,29.78079
-28.375,29.375
-28.375,31.875
-28.375,29.375
-28.144659,32.047119
-28.125,30.125
-28.125,30.125
-28.125,30.125
-28.125,30.125
-28.125,31.875
-28.125,32.125
-28.125,32.125
-27.875,30.625
-27.875,29.875
-27.875,31.375
-27.875,29.875
-27.776432,30.843699
-27.625,30.125
-27.625,31.625
-27.625,30.125
-27.125,31.875
-26.375,31.375
-26.375,31.125
-26.375,31.125
-26.0067,28.149667
-25.977944,27.947906
-25.875,31.125
-25.875,29.375
-25.875,31.125
-25.797551,28.29809
-25.73846,28.271832
-25.66433,28.5351
-25.625,28.125
-25.625,28.125
-25.625,28.125
-25.625,28.125
-25.625,28.125
-25.625,28.125
-25.457195,30.938145
-25.444722,30.973056
-25.375,30.375
-25.375,28.375
-25.375,30.875
-25.375,30.875
-25.375,30.625
-25.375,30.875
-25.375,30.875
-25.375,30.375
-25.375,29.375
-25.375,29.375
-25.375,29.375
-25.17,31.27
-25.125,29.375
-25.125,29.375
-25.125,29.375
-25.125,29.625
-25.125,31.375
-24.875,31.125
-24.875,29.375
-24.625,31.125
-24.625,31.125
-24.625,31.375
-24.375,30.625
-24.375,30.625
-24.125,30.125
-24.125,30.125
-23.875,30.125
-23.875,30.125
-23.875,29.375
-23.65362,30.21665
-23.625,30.125
-23.625,30.375
-23.125,30.375
-23.125,29.875
-23.125,30.375
-23.125,30.125
-23.125,30.125
-23.125,29.875
-23.125,26.875
-23.125,30.125
-23.125,29.875
-23.125,29.875
-23.125,29.875
-22.875,30.625
-22.875,30.375
-22.875,29.375
-22.625,17.125
-21.875,31.375
-21.875,31.375
-20.78722,33.075011
-20.78722,33.075011
-20.625,30.625
-20.625,30.375
-20.625,30.625
-20.583333,31.583333
-20.5,22.67
-20.5,22.67
-20.422435,32.770864
-20.422435,32.770864
-20.422435,32.770864
-20.4,28.3
-20.395953,33.245497
-20.28333,44.45
-20.28333,44.45
-20.25,30.916667
-20.2,28.616667
-19.98,23.42
-19.971389,33.398333
-19.875,23.375
-19.83442,23.57785
-19.60517,23.32749
-19.60404,23.29878
-19.54988,34.62198
-19.54988,34.62198
-19.53293,22.24659
-19.50718,22.24518
-19.5,29.866667
-19.333333,30.6
-19.269166,34.212776
-19.269166,34.212776
-19.262219,34.22708
-19.125,22.375
-19.125,22.375
-18.966045,32.884575
-18.95,32.55
-18.53073,25.64314
-18.41864,22.0251
-18.375,22.125
-18.133333,32.866667
-18.125,24.125
-18.006944,16.169167
-17.964443,34.390554
-17.916667,25.85
-17.875,24.375
-17.82517,31.03351
-17.82,25.15
-17.625,24.375
-17.625,18.625
-17.617184,33.362772
-17.617184,33.362772
-17.617184,33.362772
-17.488889,35.239722
-17.41667,14.2
-17.25,14.12
-17.2,29.15
-17.083333,29.033333
-16.783333,30.933333
-16.516667,27.333333
-16.467918,36.383049
-16.467918,36.383049
-16.1792,15.76185
-16.01,15.11
-16.01,15.11
-15.85,35.58333
-15.84,35.71
-15.84,35.73
-15.833333,35.6
-15.83,35.73
-15.783333,28.266667
-15.7275,27.77691
-15.7,35.116667
-15.64796,15.20047
-15.64796,15.20047
-15.57024,28.2702
-15.57024,28.2702
-15.566667,28.266667
-15.566667,28.233333
-15.562222,33.289722
-15.562222,33.289722
-15.562222,33.289722
-15.533333,27.966667
-15.408056,28.287222
-15.377222,35.3475
-15.366667,28.583333
-14.85,34.6
-14.748215,34.251963
-14.748215,34.251963
-14.324125,34.518914
-14.324125,34.518914
-14.324125,34.518914
-14.324125,34.518914
-14.051351,39.91984
-14,13.116667
-13.966667,33.783333
-13.780496,39.83284
-13.0882,40.3385
-13,14.23
-12.76024,34.980125
-11.733333,27.433333
-11.15,33.633333
-11.133266,33.651724
-11.133266,33.651724
-11.133266,33.651724
-11.08,27.08
-10.70286,40.20325
-10.7,38.783333
-9.5,15.816667
-9.29,14.49
-9.283333,33.65
-9.283333,33.65
-9.283333,33.65
-9,26.75
-8.926945,39.041842
-8.926872,39.041715
-8.9,33.333333
-8.875,33.375
-8.875,33.375
-8.85,33.28333
-8.83333,33.33333
-8.78333,33.25
-8.65,26.516667
-8.4875,31.50306
-8.375,31.625
-8.375,31.375
-8.35,38.93333
-8.31583,38.96083
-8.23333,35.11666
-8.016667,31.9
-8,38.8
-7.81297,36.96536
-7.75,34.583333
-7.716667,34.916667
-7.683333,34.666667
-7.66666,35.33333
-7.625,35.375
-7.6,37
-7.5,35
-7.45305,31.66888
-7.42713,24.15805
-7.233333,35.433333
-6.766667,39.2
-6.74055,30.98083
-6.466667,36.583333
-5.85,13.05
-5.183333,38.75
-4.86861,35.31277
-4.86055,35.12805
-4.75,36.05
-4.733333,35.833333
-4.45,35.733333
-4.41,27.42
-4.05,39.666667
-4.05,39.666667
-4.05,39.66667
-4.05,39.66667
-3.266667,29.233333
-3.266667,29.233333
-3.266667,29.233333
-3.25,35.666667
-3.19354,29.30616
-3.15,29.13
-2.666667,28.9
-2.54,29.08
-2.54,29.08
-2.45,33.11667
-2.4126,30.43009
-2.23153,30.11274
-2.20707,30.26181
-2.2,30.05
-2.11,28.37
-2,29
-1.9595,30.1355
-1.95,34.15
-1.94485,30.00351
-1.94062,30.10007
-1.6782,29.6314
-1.61667,30.35
-1.616667,29.033333
-1.57911,30.06941
-1.55,30.4
-1.47,30.42
-1.37,29.02
-1.26,30.16
-1.26,30.16
-1.26,30.16
-1.26,30.16
-1.26,30.16
-1.26,30.16
-1.18,30.2
-1.1,30.15
-1.1,30.15
-1.03,30.27
-1.03,30.27
-1.03,30.27
-1.03,30.27
-1.03,30.27
-1,30.25
-1,30.25
-1,30.25
-0.783333,29.75
-0.7,30.55
-0.683333,34.533333
-0.661587,30.980029
-0.661587,30.980029
-0.661587,30.980029
-0.660792,30.983505
-0.660792,30.983505
-0.660448,30.982095
-0.660448,30.982095
-0.660448,30.982095
-0.6599,30.968991
-0.6599,30.968991
-0.6599,30.968991
-0.6599,30.968182
-0.6599,30.968182
-0.6599,30.968182
-0.6599,30.968182
-0.6599,30.968182
-0.6599,30.968182
-0.6599,30.968182
-0.6599,30.968182
-0.6599,30.968182
-0.6599,30.968182
-0.6599,30.968182
-0.659729,30.96926
-0.659729,30.96926
-0.659729,30.96926
-0.659729,30.96926
-0.659729,30.96926
-0.659729,30.96926
-0.659729,30.96926
-0.659729,30.96926
-0.659729,30.96926
-0.659729,30.96926
-0.659729,30.96926
-0.659729,30.96926
-0.659729,30.96926
-0.659729,30.96926
-0.658797,30.968183
-0.658797,30.968183
-0.632617,30.980336
-0.60716,30.6545
-0.59347,30.988659
-0.4,30.766667
-0.375,30.625
-0.35,30.51666
-0.3375,30.2103
-0.2794,30.0479
-0.166667,35.866667
-0.01,29.21
0,0
0,0
0,0
0,0
0,0
0,0
0,35.133333
0,0
0,0
0,0
0,0
0,0
0,0
0,0
0,0
0.1,34.35
0.216667,31.666667
0.2857,30.2477
0.3195,30.2733
0.4261,30.5114
0.5404,30.3998
0.544,30.4988
0.5534,30.8133
0.566667,32.883333
0.7186,30.8803
0.8283,30.164
0.8706,30.7291
0.8895,30.9109
1.063,1.283
1.1595,30.8191
1.7075,31.4724
1.7183,31.5471
1.816667,31.316667
1.8173,31.683
1.8659,31.6506
1.8803,32.1996
2.166667,30.666667
2.444948,11.623106
2.464211,11.608881
2.469654,11.573098
2.82596,30.73795
2.833333,30.716667
2.966667,31.4
3.033333,32.916667
3.566667,31.816667
3.66338,16.85619
3.73635,29.71365
3.866667,30.233333
4.9559,18.69922
5.05,1.21
5.083333,-1.35
5.09,17.12139
5.26585,-3.93579
5.37,0.14
5.39565,26.49167
5.39565,26.49167
5.51444,14.11917
5.51454,14.12046
5.51454,14.12046
5.51454,14.12046
5.51454,14.12046
5.616667,-0.233333
5.625,38.125
5.66667,13.8
5.66667,13.8
5.73161,19.08693
5.76434,20.67053
5.76434,20.67053
6.033333,0.016667
6.05,38.099998
6.05,38.1
6.35,14.633333
6.531655,2.66465
6.544155,2.67715
6.569916,2.608119
6.74472,9.87043
6.77551,1.87077
6.77698,2.55955
6.77758,2.56134
6.77768,2.56164
6.77772,2.56178
6.77779,2.56197
6.77818,2.56314
6.7783,2.56349
6.77842,2.56927
6.77847,2.564
6.77851,2.56414
6.77883,2.56509
6.77904,2.56571
6.77947,1.88257
6.78539,1.87325
6.7855,1.87357
6.78569,1.87414
6.78602,1.87512
6.78666,1.88601
6.78703,1.87813
6.87699,31.30698
6.91211,1.60389
6.91667,19.13333
6.929957,0.586312
7.02433,1.912113
7.03767,1.855221
7.04869,1.87566
7.056746,1.908887
7.1167,38.483299
7.1167,38.4833
7.126612,1.826779
7.180868,1.87392
7.185036,1.91073
7.19084,1.73291
7.19094,1.73321
7.19098,1.73334
7.19156,1.73505
7.19197,1.73627
7.19198,1.7363
7.19205,1.73652
7.19211,1.73671
7.19293,2.69424
7.19446,2.56329
7.2,13.616667
7.233333,13.65
7.233333,13.566667
7.233333,13.566667
7.31834,1.879
7.31835,1.87903
7.31865,2.4204
7.31882,1.88042
7.31885,1.88052
7.3192,2.27773
7.31933,2.28712
7.31941,1.88218
7.32023,1.88462
7.333333,1.633333
7.35,1.6333
7.4,1.4
7.4,1.4
7.404279,2.436967
7.416667,3.55
7.416667,12.466667
7.416667,12.466667
7.42016,2.481069
7.434882,1.94363
7.45,2.383333
7.45375,1.8779
7.4541,1.87896
7.45548,2.41464
7.46299,1.87848
7.46391,1.88122
7.48333,12.4
7.48333,12.4
7.499681,2.071102
7.5,13.75
7.516174,1.991033
7.516372,1.990707
7.525517,2.110636
7.533831,1.953671
7.535295,1.953205
7.535972,1.991178
7.536357,2.129456
7.539728,1.957463
7.540308,1.958105
7.542313,1.960439
7.544041,1.960933
7.544313,1.961041
7.545167,1.958773
7.545879,1.961808
7.54616,1.961862
7.55,12.283333
7.550419,1.965377
7.551088,1.965076
7.551381,1.96687
7.55254,1.967076
7.554161,1.96825
7.554939,1.968131
7.555019,2.535306
7.563371,1.984661
7.568278,1.971616
7.568489,1.972948
7.568544,1.973274
7.568883,1.982799
7.569515,1.97832
7.569701,1.98451
7.570042,1.983023
7.57025,1.983312
7.570505,1.983747
7.570535,1.977302
7.570717,1.985867
7.577263,2.543567
7.582198,1.979568
7.5825,1.980945
7.582536,1.980909
7.616739,2.472924
7.633333,13.55
7.664074,2.19668
7.666675,2.23022
7.667796,2.213507
7.671289,2.211305
7.681405,2.267337
7.694663,2.19726
7.696297,2.177485
7.71241,2.12024
7.715012,1.96723
7.715435,1.96654
7.735628,1.835408
7.742871,2.006659
7.745081,1.996445
7.745279,1.995801
7.746462,1.995073
7.746896,1.815429
7.747134,1.996368
7.747449,1.995787
7.747866,1.996076
7.753132,1.997043
7.753278,1.997596
7.753502,1.996779
7.753533,1.998012
7.753941,1.998818
7.753947,1.997231
7.754355,1.997847
7.754427,1.997511
7.75567,1.849054
7.756492,2.382379
7.756492,2.382379
7.766667,2.4
7.767899,2.416401
7.767899,2.416401
7.768989,1.80883
7.774415,2.013188
7.774796,2.013559
7.78,2.08
7.783333,2.383333
7.783333,34.55
7.7975,2.409961
7.7975,2.409961
7.8,2.133333
7.8,2.4
7.8,2.4
7.8,2.133
7.84264,13.53396
7.85333,2.56732
7.866667,13.566667
7.875,-2.125
7.875,-2.125
7.91666,-2.06666
7.92,-2.07
7.92759,1.975931
7.92889,16.63503
7.9333,1.9666
7.945842,1.988345
7.97062,2.36745
7.97065,2.36756
7.97066,2.36758
7.97085,2.36816
7.97102,2.36865
7.97139,2.36976
7.979925,2.284933
7.98124,2.272222
7.98333,-2.06667
7.98333,-2.06667
7.983333,-2.066667
7.983333,-2.066667
7.985152,2.305014
7.988089,2.290775
7.997263,2.276939
7.997602,2.38119
7.998359,2.282093
8,-1.73
8,-2
8,-1.73333
8.001293,2.318112
8.005418,2.381678
8.006439,2.329028
8.007413,2.332793
8.007667,2.373943
8.008176,2.357418
8.008447,2.286005
8.008552,2.343571
8.009414,2.351028
8.010816,2.36873
8.011239,2.355762
8.012381,2.36302
8.014588,2.285622
8.01587,2.38553
8.01591,2.38564
8.01611,2.38623
8.01664,2.38784
8.019332,2.282792
8.021667,-1.73
8.02167,-1.73
8.02167,-1.73
8.02491,2.34935
8.025631,2.27975
8.033333,2.5
8.047612,2.302036
8.066667,15.15
8.083484,2.368672
8.095459,2.368708
8.1,-2.22
8.1,1.6
8.1,1.6
8.116667,15.05
8.116667,15.05
8.116667,15.05
8.15056,-2.01889
8.15333,-2.03
8.15333,-2.03
8.153333,-2.03
8.153333,-2.03
8.153333,-2.3
8.153333,-2.3
8.157233,2.257563
8.166667,-2.366667
8.19724,2.15192
8.2,34.316667
8.2,34.316667
8.2,34.266667
8.2,34.266667
8.216667,-1.73
8.219841,1.968542
8.227959,2.404761
8.25,-2.27
8.25,34.58333
8.251573,1.939644
8.263682,1.942762
8.276516,1.922418
8.28114,2.46621
8.28756,2.23257
8.28821,2.23451
8.316398,2.034686
8.317539,2.0354
8.3591,1.78832
8.38049,14.492
8.384232,1.978321
8.41015,20.64818
8.41015,20.64818
8.41015,20.64818
8.416667,21.116667
8.42063,15.02791
8.4225,29.2725
8.44064,1.9416
8.44568,20.63107
8.44568,20.68325
8.475437,2.672716
8.479954,2.670175
8.485669,2.66977
8.491143,2.699406
8.491673,2.696335
8.494328,2.692995
8.49507,2.73408
8.49567,2.27759
8.495935,2.716616
8.496934,2.709086
8.5,21.266667
8.528955,2.127022
8.533333,15.983333
8.537907,2.667855
8.542692,2.667317
8.546281,2.666646
8.57508,2.65558
8.616667,12.866667
8.616667,1.716667
8.616667,1.716667
8.616667,1.716667
8.637272,2.144096
8.65383,-3.78288
8.666667,-3.783333
8.666667,-3.783333
8.666667,-3.783333
8.666667,21.466667
8.683333,21.116667
8.68634,2.248641
8.68781,1.68394
8.7,-3.85
8.710978,2.739618
8.711235,-2.985352
8.712036,2.721335
8.712172,2.71561
8.71277,1.734391
8.716667,-3.85
8.716667,21.466667
8.72224,2.57715
8.72288,2.57909
8.72806,1.72885
8.733333,-3.8
8.733333,-3.816667
8.733333,-3.816667
8.733333,-3.816667
8.733333,-3.833333
8.733333,-3.816667
8.733333,-3.833333
8.733333,-3.816667
8.75,-3.8
8.75,-3.816667
8.7607,20.90298
8.762773,2.695984
8.765636,2.702663
8.765918,2.722905
8.766667,21.15
8.766667,13.683333
8.768696,2.7058
8.771234,2.721632
8.771636,2.726442
8.773903,2.73
8.77716,2.729
8.783272,2.726
8.8,21.716667
8.80611,-5.16333
8.833333,18.716667
8.8475,18.7081
8.84995,1.71948
8.86245,1.75073
8.864665,1.982622
8.888,2.5941
8.90013,22.8031
8.916667,17.883333
8.916667,17.883333
8.916667,17.6
8.933333,17.6
8.93825,2.01297
8.94657,1.95668
8.95,2.266667
8.9562,2.19312
8.961963,2.19978
8.983333,38.566667
8.983333,38.566667
8.983333,13.3
8.989883,2.260893
9,1.97575
9.000215,2.280557
9.006793,2.271651
9.016667,21.283333
9.016667,13.183333
9.020627,2.321088
9.025913,2.255811
9.033333,36.816667
9.033333,36.816667
9.0395,-0.503833
9.042797,2.312222
9.053548,2.343923
9.066667,18.05
9.066667,18.05
9.066667,18.05
9.07462,2.04183
9.076423,2.243363
9.083333,13.566667
9.083333,36.783333
9.088497,2.093951
9.088688,2.096075
9.1,21.216667
9.101747,1.954497
9.102106,2.107484
9.105142,2.172805
9.111553,2.173519
9.111981,2.174051
9.113024,2.232374
9.114622,1.996199
9.120696,1.912028
9.122887,1.907502
9.124455,1.907878
9.125329,1.907076
9.125702,1.907056
9.128329,1.90577
9.129611,1.911611
9.130892,1.911584
9.133333,1.97575
9.133333,21.933333
9.134711,2.174874
9.14213,2.18538
9.15,2.166667
9.15,2.166667
9.165432,2.221036
9.166667,13.416667
9.1682,2.29274
9.168737,2.227952
9.17298,-4.81487
9.17953,18.21535
9.183333,18.133333
9.183333,18.15
9.183333,18.133333
9.19179,4.86116
9.19186,-3.52722
9.194105,2.752799
9.195139,2.753611
9.2,18.2
9.2008,2.2692
9.207463,2.723105
9.207611,2.724139
9.216667,18.15
9.216667,18.15
9.22,-1.87
9.22824,2.62039
9.233333,12.483333
9.233333,12.483333
9.233333,18.116667
9.233333,18.116667
9.237,0.3023
9.245727,1.542395
9.24604,1.192991
9.246058,1.192972
9.251,15.73
9.261272,1.585955
9.266667,-4.183333
9.266667,-4.183333
9.266667,-4.166667
9.267468,1.55109
9.27166,-2.99256
9.274049,2.184965
9.2766,2.4289
9.279823,1.592392
9.283333,-4.2
9.283333,-4.166667
9.3,13.733333
9.3,13.6
9.312646,1.51729
9.315356,1.527246
9.316667,13.6
9.316667,13.7
9.317835,1.562798
9.333333,13.433333
9.35,14.85
9.353977,1.673502
9.353977,1.545957
9.36405,2.87511
9.36408,2.87522
9.37528,16.40722
9.395111,2.506333
9.41,0.49
9.41,0.49
9.416667,38.633333
9.418471,1.917431
9.4299,0.4933
9.44438,2.11004
9.44475,2.11113
9.44496,2.11176
9.44512,2.11225
9.44525,2.11263
9.45,15.183333
9.466667,21.266667
9.483333,16.616667
9.515556,1.04
9.517,16.3584
9.517,16.3584
9.51844,3.00445
9.52692,3.02097
9.52692,3.02097
9.52711,3.02155
9.52727,3.02204
9.52748,3.02267
9.52764,3.02316
9.52777,3.02354
9.52812,3.02461
9.531316,1.907395
9.533333,17.5
9.53647,-6.01004
9.566667,21.416667
9.566667,21.383333
9.567377,1.818067
9.58972,21.52861
9.622013,1.640369
9.66139,14.51389
9.666667,17.233333
9.666667,14.216667
9.683333,14.25
9.683333,-0.816667
9.683333,-0.816667
9.685852,1.74948
9.686748,1.592618
9.69654,1.76305
9.69673,1.76362
9.69711,1.76474
9.69727,1.76524
9.6974,1.76562
9.69776,1.76668
9.69776,1.76668
9.70685,1.756519
9.71024,13.55237
9.7165,-0.822167
9.73395,2.19122
9.73472,2.19354
9.73485,2.19392
9.750156,1.560715
9.76996,2.03685
9.78747,1.74618
9.789382,1.526739
9.792919,1.574056
9.816667,-6.133333
9.83194,31.97861
9.833333,16.1
9.833333,14.333333
9.833333,-6.25
9.83917,32.0075
9.846969,1.852957
9.856667,1.978611
9.866667,-6.233333
9.87883,3.10972
9.87939,3.11144
9.87998,3.11322
9.883333,14.866667
9.89011,1.778274
9.8937,3.4281
9.89407,32.10931
9.8973,2.44634
9.908127,1.528995
9.91542,2.35567
9.91579,2.35679
9.916667,15.883333
9.93497,3.37141
9.942715,3.114521
9.97227,2.83606
9.97534,13.901
9.990833,1.635383
9.991283,1.635233
9.99563,2.43363
9.99589,2.4344
9.99652,2.43629
9.99655,2.4364
9.99701,2.43776
9.99749,2.43921
10,15.983333
10.016519,3.379803
10.017214,3.379754
10.017574,3.379711
10.019915,3.382227
10.02003,3.380549
10.020893,3.379876
10.021,3.380376
10.021059,3.372207
10.02114,3.372755
10.021208,3.38185
10.021501,3.373166
10.022051,3.374517
10.022052,3.379959
10.022401,3.378814
10.023226,3.375449
10.025233,3.380851
10.025592,3.380012
10.02607,3.381351
10.026315,3.380547
10.026656,3.38027
10.026737,3.379432
10.026928,3.380892
10.026929,3.380071
10.027432,3.379589
10.027574,3.381188
10.027596,3.380014
10.028197,3.380118
10.028436,3.381276
10.028784,3.380266
10.028953,3.381277
10.029252,3.380799
10.031072,3.383164
10.031181,3.383737
10.03155,1.52595
10.03155,1.52595
10.031738,3.381746
10.031787,3.384007
10.03328,3.376911
10.033746,3.384521
10.03404,3.386712
10.034321,3.383328
10.034478,3.382607
10.034626,3.386512
10.034656,3.384933
10.034948,3.376995
10.034985,3.376492
10.034997,3.383546
10.035096,3.384107
10.035564,3.382125
10.035606,3.383484
10.035893,3.378974
10.036019,3.382941
10.036125,3.382107
10.036183,3.383417
10.036396,3.38198
10.036423,3.378945
10.036541,3.383029
10.036635,3.379023
10.036728,3.382223
10.03683,3.381825
10.036834,3.378829
10.037005,3.379206
10.037309,3.378466
10.047083,3.402525
10.048219,3.364983
10.048451,3.369723
10.05917,15.22675
10.061088,3.382751
10.066667,15.533333
10.069883,1.50155
10.069883,1.50155
10.07077,3.24385
10.07116,3.24503
10.083333,15.533333
10.083333,15.55
10.083333,15.55
10.083333,-3.266667
10.09642,2.86497
10.09667,2.86574
10.1,13.533333
10.11118,14.44322
10.11118,14.44322
10.111787,2.41723
10.11391,3.47566
10.1323,3.1379
10.13285,3.13957
10.13333,14.28333
10.133333,0.483333
10.13375,3.14231
10.14057,3.52929
10.14133,3.5316
10.14175,3.53288
10.14284,3.5362
10.14286,3.53625
10.15,0.816667
10.15,0.75
10.16904,3.40504
10.17012,3.40833
10.17035,3.40901
10.173546,3.382099
10.175,1.203333
10.175,1.203333
10.17801,3.40483
10.17934,3.40886
10.18532,1.09215
10.18722,2.96635
10.18835,2.96977
10.18893,2.97155
10.189103,3.31189
10.1893,2.97265
10.191482,3.311536
10.193941,3.096585
10.194014,3.271568
10.194076,3.097032
10.194266,3.096256
10.194802,3.269524
10.19496,3.30978
10.19532,3.31087
10.19576,3.31222
10.196067,3.271689
10.196421,3.270091
10.196528,3.271351
10.196944,3.271927
10.196969,3.274264
10.196991,3.269937
10.197233,3.096349
10.197314,3.097216
10.197658,3.097243
10.19774,-5.62214
10.2,16.2
10.2,-4.933333
10.2,0.8
10.2,0.8
10.20607,3.3069
10.21336,2.53522
10.21346,2.53552
10.21408,2.53738
10.220334,1.358417
10.220334,1.358417
10.23198,2.97408
10.233333,30.333333
10.2335,2.5141
10.23364,2.97912
10.23512,2.98358
10.237617,1.343
10.24005,1.346917
10.24135,1.350867
10.24135,1.350867
10.25,11.416667
10.266667,16.05
10.269333,3.422669
10.270341,1.355343
10.270341,1.355343
10.2901,3.3817
10.292836,3.354344
10.293428,3.378472
10.29343,3.44441
10.294706,3.121799
10.299713,3.34884
10.3,0.5
10.3,0.5
10.3,3.350968
10.301764,3.342166
10.30179,1.72287
10.301832,3.338513
10.30388,2.68091
10.303896,3.345347
10.304224,3.342342
10.30441,2.66432
10.304552,3.340799
10.30459,2.68305
10.30473,2.55609
10.30476,2.66536
10.30516,2.68477
10.30574,2.55913
10.305824,2.977014
10.30592,2.68707
10.30614,2.66952
10.3064,2.5611
10.30647,2.67053
10.30656,0.90129
10.306619,3.353103
10.30671,2.56206
10.307191,3.342382
10.31267,2.55274
10.31285,2.55328
10.31316,2.5815
10.3132,2.55432
10.31355,2.55539
10.31362,2.55558
10.31392,2.55652
10.31406,2.55693
10.31448,2.55819
10.31454,2.55838
10.31468,2.55879
10.31505,2.55991
10.31538,2.5609
10.3219,2.26263
10.326038,2.134685
10.330121,1.33047
10.330468,1.332896
10.333333,1.33667
10.34139,13.54972
10.345408,2.391939
10.349851,3.137189
10.349933,3.13707
10.35,1.116667
10.35,0.27
10.35,-0.5
10.35,0.466667
10.35,1.1166
10.35,1.116667
10.35,1.116
10.350104,3.137892
10.353585,3.140269
10.353713,3.139209
10.356849,3.143294
10.357361,2.814485
10.358411,2.495107
10.358839,3.142089
10.36984,2.75263
10.374995,3.367732
10.39,-2.52
10.394375,2.090925
10.394724,2.089353
10.3952,2.49237
10.396196,2.085685
10.396766,2.088927
10.40067,2.701294
10.401699,2.04386
10.412247,2.673409
10.416667,16.9
10.42325,2.51328
10.424287,1.453959
10.43255,2.92409
10.433333,0.4
10.43374,2.92771
10.43822,1.99585
10.44,3.0929
10.44007,2.81909
10.44007,2.68236
10.44024,2.81961
10.44036,3.09397
10.44046,2.82027
10.44071,2.01235
10.44105,3.10521
10.44123,2.82262
10.44214,2.82536
10.4443,2.453
10.44756,1.9967
10.44813,2.27026
10.44823,1.99872
10.44839,1.99919
10.44852,2.27144
10.44857,2.2716
10.44861,3.10072
10.44928,2.00187
10.45,16.75
10.45003,2.00412
10.450209,3.377912
10.45106,2.68824
10.45771,3.57757
10.458106,3.008726
10.45852,3.56168
10.463903,1.494815
10.466667,0.466667
10.479424,1.012294
10.48861,3.51595
10.49348,3.64075
10.494,3.64231
10.497711,3.174867
10.5,0.366667
10.5,16.416667
10.5,16.416667
10.5,1.383333
10.502871,3.675593
10.511236,3.302548
10.512122,3.494796
10.516667,-6.466667
10.53333,14.18333
10.54067,3.31629
10.54095,3.31714
10.55,0.466667
10.55,-6.3
10.55,3.25
10.55073,-1.05584
10.566667,0.3
10.566775,0.97038
10.57516,1.9993
10.57543,3.2387
10.57552,2.14532
10.57587,3.24004
10.57597,2.68296
10.57601,2.68307
10.57625,3.24119
10.57637,3.24155
10.57682,2.80407
10.57723,3.24418
10.57762,3.24536
10.57789,2.80731
10.57808,2.68932
10.57863,2.691
10.5791,1.17261
10.58333,-0.45
10.583333,-0.833333
10.583333,-0.45
10.58396,2.54315
10.58401,2.54329
10.5842,2.0083
10.58421,3.10057
10.58499,2.01068
10.58512,2.54666
10.58547,3.10438
10.58553,2.54789
10.58579,3.24271
10.58599,2.54926
10.58607,3.24356
10.5861,2.54962
10.58638,2.55044
10.5868,3.24578
10.59253,14.32101
10.59637,13.6215
10.6,19.8
10.6,15.316667
10.6,-4.55
10.6,-4.55
10.60704,13.56972
10.607915,3.471179
10.61193,3.05663
10.61243,13.57178
10.613418,1.280676
10.613418,1.280676
10.61404,3.06302
10.6166,1.2666
10.616667,0.533333
10.616667,19.233333
10.616667,-4.533333
10.62492,1.393211
10.633333,1.283333
10.633333,0.45
10.633333,-4.683333
10.636566,2.396347
10.63977,3.10451
10.64,3.10257
10.641198,2.397206
10.64811,2.58201
10.64817,3.61636
10.64823,3.61652
10.64826,2.58248
10.64995,2.58758
10.65,13.583333
10.65,-2.866667
10.65006,3.62212
10.666667,0.516667
10.666667,19.65
10.666667,-4.2
10.666667,-4.283333
10.667845,3.02535
10.67478,2.56237
10.67559,3.36006
10.67588,3.36094
10.676251,2.477564
10.67662,2.56794
10.67682,3.36379
10.67712,2.56945
10.683333,13.866667
10.683333,13.866667
10.683333,-4.283333
10.698671,1.323329
10.70535,1.17092
10.70554,1.1715
10.70659,1.17462
10.70698,1.31958
10.70707,1.17604
10.71049,3.36538
10.71104,3.5048
10.71121,3.36757
10.71127,3.51471
10.71137,3.51502
10.711399,2.981372
10.71142,3.50598
10.71163,3.37804
10.71183,3.50722
10.71201,3.37002
10.71205,3.37013
10.71226,3.37078
10.71755,1.45009
10.71857,1.46216
10.71918,2.00589
10.72028,2.00918
10.72085,2.0109
10.72252,3.51225
10.724131,3.187737
10.724858,1.365609
10.733333,14.616667
10.74246,13.80424
10.747,3.72504
10.74764,3.72699
10.75,19.866667
10.75,19.866667
10.757918,1.374718
10.764854,3.191247
10.766667,1.4
10.77421,3.41262
10.77525,3.4158
10.77575,3.41731
10.78333,-7.8
10.795593,2.559163
10.797159,2.559993
10.8,0.116667
10.8,0.116667
10.8,15.366667
10.8,14.883333
10.8,-4.533333
10.8,-4.533333
10.800368,2.56512
10.80421,2.53427
10.8075,2.610428
10.8077,1.1419
10.807787,2.608387
10.813404,2.561762
10.8166,1.4333
10.816667,0.133333
10.816667,0.116667
10.81886,2.27831
10.82005,2.2819
10.824841,2.578497
10.826123,2.633458
10.83075,2.108957
10.832123,2.560628
10.8333,2.1
10.833333,-4.516667
10.835326,2.561291
10.83974,2.35938
10.84105,1.17941
10.84262,1.44497
10.84344,1.3124
10.84431,1.31497
10.84664,3.37623
10.84709,2.35426
10.85,15.35
10.85,1.4
10.85302,1.32294
10.85533,2.00695
10.8566,2.14678
10.857722,2.610254
10.859791,2.602337
10.860212,2.59896
10.865,1.355556
10.865,1.355556
10.866667,19.316667
10.866667,1.183333
10.874339,2.628001
10.875972,1.49318
10.875972,1.49318
10.881667,1.488889
10.881667,1.488889
10.88278,2.31637
10.88282,2.31648
10.88283,2.31651
10.88318,2.31758
10.883333,0.25
10.883333,0.233333
10.883333,19.8
10.883333,14.833333
10.883333,1.55
10.883333,1.35
10.883333,1.35
10.884285,1.336675
10.89052,-7.43814
10.89403,-1.09215
10.89403,-1.09215
10.894167,1.501389
10.894167,1.501389
10.9,0.133333
10.9,0.233333
10.9,0.233333
10.9,0.133333
10.9,28.966667
10.9,-4.35
10.90101,3.72623
10.903203,2.512526
10.90989,2.30716
10.90989,2.30716
10.91013,2.30787
10.916667,18.166667
10.916667,-4.083333
10.916667,1.483333
10.916667,1.5
10.916667,1.5
10.917883,-1.930667
10.922191,1.942799
10.923262,1.954526
10.92921,2.480568
10.929801,2.493077
10.933333,0.133333
10.933333,0.133333
10.933333,-4.366667
10.933333,-4.083333
10.933333,-4.366667
10.93828,2.47464
10.940652,1.970762
10.95,0.333333
10.95,19.933333
10.95,1.5
10.95199,13.91489
10.96244,13.90425
10.96244,13.90425
10.966667,13.933333
10.966667,0.333333
10.966667,0.316667
10.966667,13.916667
10.966667,13.933333
10.97174,1.55884
10.972666,1.987875
10.97903,1.18571
10.98007,1.45876
10.9805,1.31596
10.98105,1.45268
10.983333,0.333333
10.983732,2.448227
10.983983,2.493927
10.984105,1.66639
10.984222,2.490494
10.984252,2.445388
10.98598,1.03577
10.98632,1.04574
10.986479,2.472523
10.98662,1.03766
10.98755,1.319
10.9892,1.58523
10.98946,1.58603
10.99034,2.26778
10.99156,2.27146
10.99311,2.28519
10.9933,2.28577
11.00096,2.64577
11.001765,2.458381
11.002148,2.464824
11.004239,2.461104
11.004787,2.464106
11.005962,2.463975
11.006351,2.463691
11.016667,-4.166667
11.016667,-2.783333
11.018865,0.977924
11.01956,0.978001
11.020899,2.462017
11.021196,2.461284
11.021766,2.461439
11.023585,2.451997
11.023654,2.460071
11.023751,2.453846
11.02753,2.32531
11.02774,2.32591
11.0279,2.3264
11.0284,2.32791
11.02875,2.32898
11.029633,2.398406
11.033333,1
11.033333,1
11.033333,19.733333
11.033333,19.8
11.033333,-4.166667
11.038819,1.976326
11.03931,0.06655
11.044423,1.893154
11.044517,0.984404
11.045784,1.892151
11.05,1.516667
11.05,-1.417
11.05,-1.417
11.05,-1.417
11.05,-1.417
11.057017,0.996904
11.058199,3.357836
11.058369,1.898924
11.061648,2.992235
11.062961,2.408958
11.065862,1.910531
11.066667,20.05
11.066667,1.583333
11.071801,3.112889
11.07329,2.6365
11.0733,2.63652
11.0733,2.63652
11.07349,2.6371
11.07349,2.6371
11.07386,2.63823
11.07415,2.6391
11.0745,2.64018
11.075167,-4.745383
11.075917,-4.753333
11.076011,3.00803
11.081144,1.876107
11.08293,2.66568
11.083333,-1.9
11.086201,2.398803
11.092642,2.395228
11.1,1.75
11.1,3.25
11.1,1.75
11.1,1.75
11.1,-0.983333
11.1007,2.36399
11.103144,1.996428
11.110535,1.99199
11.11504,1.44715
11.11517,1.45655
11.116667,-4.166667
11.116667,-4.166667
11.116667,-4.166667
11.116667,-4.166667
11.116667,-4.166667
11.11668,1.45203
11.11674,1.73204
11.11722,1.73346
11.1173,1.45389
11.11742,1.73407
11.12675,1.99741
11.12706,1.73581
11.12739,2.4081
11.12803,2.13734
11.12845,2.41131
11.133333,14.783333
11.133333,-4.166667
11.133333,-4.166667
11.133333,-4.166667
11.133333,-4.166667
11.133333,-1.916667
11.133904,3.242554
11.134863,2.475252
11.138684,2.478057
11.147747,2.987535
11.148542,2.987929
11.149302,2.984778
11.15,-1.95
11.15,-1.95
11.15,-0.65
11.150062,2.989687
11.150559,2.988461
11.151057,2.987825
11.151489,2.989934
11.15162,-0.66055
11.152694,2.989669
11.153263,2.989485
11.153706,2.985959
11.154982,2.985236
11.156826,2.980015
11.159657,2.987516
11.165301,3.006118
11.166142,3.008398
11.166667,-0.266667
11.166667,1.15
11.166667,1.166667
11.167218,3.008508
11.168249,3.00925
11.17216,0.16418
11.183333,7.633333
11.183333,7.633333
11.183333,7.633333
11.183333,7.633333
11.183333,7.633333
11.183333,7.633333
11.184355,3.024859
11.18656,-0.63226
11.18656,-0.63226
11.186824,3.026672
11.2,16.133333
11.2091,2.79208
11.212769,2.2368
11.214836,2.972518
11.216667,14.3
11.233333,-0.283333
11.233333,-2.033333
11.23629,3.07603
11.24045,2.378517
11.24548,2.82011
11.24791,1.16819
11.2495,1.17293
11.24996,1.17427
11.25,0.75
11.25077,1.17671
11.25096,1.17726
11.25116,1.17786
11.25189,1.18003
11.25315,1.86048
11.25379,1.8624
11.25436,2.8928
11.2546,3.51783
11.25486,3.10503
11.25533,3.52005
11.25978,1.591
11.25998,1.3121
11.26116,1.59514
11.261561,2.435098
11.26271,3.09222
11.26392,-6.4231
11.266667,-0.2
11.26667,-2.1
11.26667,-2.1
11.268714,2.730819
11.277254,2.436386
11.283333,-1.95
11.283333,-4.95
11.283333,-4.95
11.283333,-4.95
11.29958,3.48032
11.29979,3.09498
11.3,14.966667
11.3,15.5
11.3,14.966667
11.3,-0.333333
11.3,-1.883333
11.3,-1.9
11.30024,3.23405
11.301036,3.049422
11.306396,2.555007
11.309967,2.491383
11.310125,1.355628
11.310125,1.355628
11.310125,1.355628
11.310125,1.355628
11.3125,-1.87722
11.315935,2.456937
11.316667,20.716667
11.321086,1.95165
11.328908,2.505967
11.330265,2.495802
11.330433,2.524817
11.33333,-1.91667
11.333333,-1.883333
11.335544,2.350865
11.33596,3.08582
11.336187,2.351386
11.336401,2.370133
11.33662,3.08783
11.33785,2.483774
11.338534,2.349062
11.339974,2.482982
11.3449,2.72841
11.34556,2.73041
11.345718,2.49418
11.34591,2.73148
11.350007,2.322485
11.35391,2.36343
11.356299,2.284214
11.358361,1.921056
11.362194,1.91825
11.365926,3.269845
11.366667,16.25
11.3701,2.2324
11.379778,1.905833
11.380167,1.904444
11.380194,1.903028
11.38035,2.37951
11.38108,2.3817
11.38108,2.3817
11.383333,16.216667
11.383333,-1.883333
11.383333,-0.266667
11.384167,2.526517
11.38828,1.86749
11.38855,2.13136
11.38939,1.86178
11.38973,2.45339
11.39001,3.36999
11.39023,3.05834
11.39054,3.3808
11.39107,2.14803
11.39213,3.37648
11.39246,3.1018
11.39255,3.10207
11.394144,2.197243
11.395144,3.269922
11.39566,1.71766
11.3966,1.72046
11.3967,1.85653
11.39672,1.85661
11.39678,1.72101
11.39684,1.85697
11.39712,1.73108
11.39772,1.72384
11.39778,1.85977
11.397806,1.650222
11.39805,2.13271
11.398139,1.651667
11.39815,3.10079
11.39818,2.1331
11.39842,1.72593
11.39892,2.55411
11.39896,2.14454
11.39914,2.13601
11.399361,1.652528
11.39941,1.86468
11.39959,3.10517
11.39972,2.27409
11.399727,2.195178
11.4,2.983333
11.40025,1.651278
11.40027,3.10723
11.40035,3.10748
11.400361,1.649778
11.400806,1.646917
11.401139,1.648278
11.4012,3.11006
11.402754,1.562384
11.40798,3.2593
11.40798,3.2593
11.40802,3.25943
11.40821,3.26001
11.40858,3.26114
11.40922,3.26309
11.409709,3.378349
11.416667,-0.366667
11.416667,-0.266667
11.417533,3.375033
11.421944,-2.261111
11.427638,3.087624
11.433333,3.083333
11.433333,3.083333
11.43596,3.30788
11.44,3.248975
11.445833,3.095833
11.447723,3.356323
11.45,1.466667
11.45,-2.216667
11.45,-0.35
11.45,3.05
11.45,1.466
11.45329,3.11265
11.45333,3.11276
11.45352,3.11336
11.45395,2.61113
11.45418,3.11537
11.4543,2.6122
11.45454,3.11644
11.466667,-0.283333
11.466667,-0.35
11.467778,1.564167
11.470133,2.5953
11.483333,14.683333
11.483333,14.7
11.5,-4
11.5,3.25
11.50775,0.05132
11.50775,0.05132
11.5122,2.2237
11.512589,3.238759
11.516667,-0.366667
11.52462,2.55117
11.52503,3.09247
11.52524,2.55306
11.52537,2.41664
11.52595,3.09527
11.52693,2.55818
11.52737,2.69653
11.533333,18.2
11.533333,-4.166667
11.533333,2.5
11.533333,2.5
11.533333,2.5
11.53514,3.09572
11.53567,3.09734
11.5464,2.7441
11.5464,2.7441
11.55,-1.916667
11.557083,-4.150883
11.566144,3.482666
11.566667,-4.833333
11.566667,-2.016667
11.57,3.298757
11.583,1.467
11.583333,2.633333
11.583333,2.633333
11.583333,2.633333
11.58843,2.44312
11.595056,3.0055
11.6,-4.85
11.6,-4.85
11.6,-4.833333
11.60646,2.41556
11.60675,3.000167
11.616667,15.966667
11.616667,-4.833333
11.616667,-4.816667
11.616667,-4.75
11.616667,2.633333
11.616667,2.633333
11.616667,2.633333
11.624824,3.302138
11.6266,2.9679
11.631542,3.31708
11.632997,2.42537
11.633,-0.333
11.633069,2.425104
11.633178,2.425755
11.633333,-4.766667
11.633333,-4.833333
11.63836,0.52119
11.638581,2.422983
11.64286,0.51932
11.65,-4.766667
11.65,3.216667
11.6536,2.9334
11.6536,2.9334
11.655167,-0.110917
11.6596,2.9223
11.6596,2.9223
11.6603,3.36726
11.66033,2.81633
11.66055,2.67973
11.66056,2.67975
11.66142,2.82878
11.66165,3.38059
11.66198,2.82134
11.66214,2.95926
11.662286,2.402181
11.66233,3.37345
11.66239,2.82258
11.66252,2.83214
11.66266,3.37447
11.66282,3.10821
11.66284,2.82392
11.66291,2.97078
11.663,2.97105
11.66304,2.97119
11.66309,3.37577
11.66332,2.83456
11.66334,2.69735
11.66437,2.70046
11.666667,-1.083333
11.66758,2.395555
11.66764,-4.46152
11.668006,2.396095
11.6681,2.3459
11.66987,3.09295
11.66993,3.23099
11.67018,2.81877
11.67037,2.81935
11.67037,3.23234
11.67043,3.09466
11.67048,2.96632
11.67048,3.37994
11.67051,3.09488
11.67074,3.23347
11.67074,3.38074
11.67078,3.09571
11.67082,3.23372
11.67084,2.82993
11.67091,3.23397
11.67098,3.23419
11.67106,3.23444
11.67112,2.95907
11.67115,3.09684
11.6712,3.23488
11.67136,2.82235
11.67142,3.09766
11.67148,2.96017
11.67152,2.82282
11.67165,2.82323
11.6717,2.97003
11.67172,2.8326
11.67182,2.97039
11.67183,2.97042
11.67185,2.97047
11.67187,3.37498
11.67191,3.09915
11.67198,3.10129
11.67205,3.09959
11.67207,2.96196
11.67212,3.09981
11.6722,3.2379
11.67222,3.23799
11.67227,2.97177
11.67239,3.23848
11.67243,3.10074
11.6725,3.23884
11.67254,2.83507
11.67269,2.83554
11.67295,3.24022
11.67296,2.82719
11.67297,3.1024
11.67314,2.82774
11.6738,2.667
11.6738,2.7955
11.674785,2.381869
11.67861,2.42514
11.67887,2.42473
11.67923,2.42685
11.67944,2.42643
11.6816,2.3142
11.683333,-0.116667
11.68756,2.40666
11.68787,2.40633
11.7,15.4
11.7,15.05
11.7,-0.333333
11.7,-0.333333
11.7,-0.35
11.7,-0.316
11.7,-0.333
11.7,-0.333
11.7077,2.8682
11.7138,2.8666
11.716667,15.266667
11.716667,0.116667
11.716667,0.033333
11.733333,0.066667
11.733333,0.516667
11.74481,-5.94361
11.7477,2.7521
11.75,0.216667
11.75,-4.15
11.75,-2.933
11.75,-0.333
11.7508,2.769
11.766667,0.15
11.766667,2.766667
11.7719,2.7795
11.7763,2.4343
11.783,-0.367
11.783333,0.033333
11.7866,2.7441
11.7894,2.7901
11.79584,2.55051
11.79627,2.5518
11.79629,2.82633
11.79631,2.82638
11.79642,3.50719
11.79676,2.81858
11.79719,2.8199
11.79726,2.68279
11.7973,2.55491
11.79753,2.8301
11.79758,2.83024
11.79778,2.83084
11.79782,2.8218
11.79795,2.83137
11.79796,2.82224
11.79823,2.82307
11.79853,2.83313
11.79876,2.82466
11.79885,2.82494
11.7991,2.83486
11.79935,2.83563
11.8,15.216667
11.8,15.216667
11.8,0.1
11.8,0.183333
11.80014,2.82885
11.80367,3.60918
11.80574,2.82756
11.80609,2.81945
11.80721,2.83202
11.80823,2.82595
11.816667,15.083333
11.816667,15.083333
11.816667,2.383333
11.833333,15.1
11.833333,15.1
11.8461,2.8381
11.85,0.1
11.85,0.15
11.866667,-4.083333
11.867533,3.376683
11.8678,3.322017
11.87252,0.37535
11.87252,0.37535
11.87252,0.37535
11.87252,0.37535
11.87341,0.37442
11.8833,2.5758
11.8833,2.5758
11.9,-0.833333
11.9,2.933333
11.9,2.416667
11.9,-0.316667
11.916667,15.116667
11.916667,2.4
11.916667,-0.816667
11.916667,-0.766667
11.93156,2.67853
11.93248,2.68131
11.93303,2.68299
11.93323,2.69275
11.933333,2.4
11.933333,0.383333
11.933333,-0.166667
11.933333,2.4
11.933333,2.4
11.933333,2.4
11.933333,2.983333
11.9334,2.69328
11.93344,2.69339
11.93396,2.68583
11.93459,2.68773
11.93484,2.97268
11.93487,2.69774
11.93499,2.6981
11.93591,2.69172
11.9367,0.3983
11.94088,2.67937
11.94101,2.67976
11.9414,2.95592
11.94157,2.68147
11.94193,3.10452
11.94205,3.09569
11.94216,2.40909
11.94232,2.95873
11.94252,2.95933
11.94399,2.9638
11.94413,2.41503
11.94465,-0.77348
11.95,3.016667
11.96028,3.159013
11.966667,15.133333
11.966667,15.733333
11.966667,21.45
11.966667,2.35
11.966667,-4.25
11.980927,3.1056
11.983333,38.983333
11.983333,2.45
11.983333,2.45
11.983333,2.45
11.983333,2.45
11.983333,2.1
11.983333,2.166667
12.016667,0.516667
12.016667,15.733333
12.016667,14.983333
12.016667,0.55
12.044693,3.032227
12.04847,15.07685
12.049689,3.075942
12.05,14.966667
12.05,14.966667
12.05,14.933333
12.05,14.933333
12.05,0.45
12.0666,3.1833
12.066667,15.066667
12.066667,0.35
12.0667,0.35
12.0667,0.35
12.0667,0.35
12.0667,0.35
12.0667,0.35
12.0667,0.35
12.0667,0.35
12.068,3.184
12.076329,3.191864
12.0771,3.10311
12.07927,2.97184
12.0798,37.72388
12.083333,14.933333
12.083333,37.716667
12.08708,15.01483
12.1,2.316667
12.1,14.933333
12.1,14.666667
12.105933,0.177917
12.116667,14.733333
12.116667,14.733333
12.116667,14.733333
12.116667,14.733333
12.116667,14.733333
12.116667,14.7
12.116667,14.733333
12.116667,14.733333
12.133333,14.916667
12.133333,14.7
12.133333,14.75
12.133333,14.833333
12.133333,1.766667
12.133333,14.983333
12.13335,14.88049
12.13485,15.05574
12.13485,15.05574
12.15,2.4
12.15,14.766667
12.15,14.75
12.15,14.75
12.166667,2.283333
12.166667,14.783333
12.166667,14.8
12.166667,14.833333
12.166667,0.083333
12.183333,17.466667
12.183333,14.816667
12.183333,14.8
12.183333,14.833333
12.183333,14.816667
12.183333,14.8
12.183333,14.833333
12.183333,14.8
12.183333,14.8
12.183333,14.833333
12.183333,14.8
12.183333,14.816667
12.183333,14.783333
12.18442,6.23759
12.2,14.783333
12.2,14.833333
12.2,14.833333
12.2,14.833333
12.2,14.833333
12.2039,2.69054
12.20443,2.69214
12.20533,2.68573
12.212891,2.929713
12.216667,14.833333
12.216667,14.816667
12.216667,14.816667
12.216667,14.816667
12.216667,14.833333
12.216667,14.85
12.25,14.7
12.270143,2.853906
12.283333,14.683333
12.283333,14.683333
12.283333,-0.083333
12.286557,2.890844
12.3,2.216667
12.3,14.7
12.3,14.7
12.316667,14.716667
12.35,-3.683333
12.35,2.75
12.366,-12.316
12.366667,14.916667
12.366667,2.783333
12.366667,2.783333
12.366667,2.783333
12.367,-1.517
12.367,-1.517
12.367,-1.517
12.367,-1.517
12.37143,-1.51966
12.383333,14.85
12.383333,14.85
12.383333,2.783333
12.383333,2.783333
12.387599,-1.494737
12.39096,-1.49667
12.4,-3.8
12.4,2.816667
12.4,2.816667
12.4,2.833333
12.4,2.8
12.4,2.833333
12.4,2.833333
12.416667,2.25
12.45,2.45
12.466667,39.516667
12.483333,2.366667
12.483333,2.416667
12.483333,14.45
12.483333,14.65
12.5,2.633333
12.516667,14.833333
12.516667,14.816667
12.533333,21.016667
12.533333,14.783333
12.55,2.516667
12.55,2.533333
12.566667,14.85
12.58221,32.80071
12.58221,32.80071
12.6,14.383333
12.6,14.283333
12.6,14.3
12.6,14.38333
12.616667,14.333333
12.616667,14.733333
12.633333,14.283333
12.633333,14.75
12.63923,-8.00289
12.63923,-8.00289
12.64616,-7.92362
12.65,14.316667
12.65,14.75
12.65,14.716667
12.65,14.7
12.65,14.733333
12.666667,14.233333
12.666667,14.666667
12.666667,14.683333
12.683333,14.283333
12.683333,14.383333
12.7,14.3
12.7,14.35
12.7,14.5
12.7,-0.166667
12.716667,20.75
12.716667,2.266667
12.716667,14.516667
12.716667,14.666667
12.73111,-15.52849
12.73333,-4.13333
12.75,14.65
12.75,14.616667
12.75,14.6
12.75,14.533333
12.766667,20.516667
12.783333,14.55
12.816667,14.566667
12.816667,14.866667
12.82095,-15.22491
12.833333,15.833333
12.833333,-14.9
12.833333,-14.9
12.833333,-14.833333
12.833333,-14.833333
12.836111,-12.366944
12.85,14.566667
12.866667,14.566667
12.875,24.125
12.87834,-12.25234
12.900188,7.58562
12.91556,-14.94827
12.916667,15.033333
12.92374,-7.55618
12.95,21.233333
12.96364,-8.98803
12.96364,-8.98803
12.966667,1.666667
12.983,-13.416
12.983333,-13.416667
12.991667,37.773333
12.99535,15.73218
13,3.45
13.0075,-12.914444
13.033333,2.833333
13.03411,-9.4895
13.03411,-9.4895
13.066667,-2.433333
13.083333,3.05
13.16667,24.36667
13.18111,24.4775
13.2,14.583333
13.216667,-0.8
13.260278,-12.105278
13.33114,15.14465
13.333333,14.783333
13.3545,1.28346
13.35476,19.95549
13.366667,-0.483333
13.416667,7.166667
13.45,-2.55
13.45333,15.17528
13.483333,-2.333333
13.5116,2.12539
13.533333,2.066667
13.56972,14.83194
13.56972,14.83194
13.583333,7.95
13.61306,4.11333
13.616667,-16.483333
13.616667,14.766667
13.61975,25.35487
13.65,-16.45
13.65,-2.3
13.65,-16.466667
13.65,-16.466667
13.65,-16.466667
13.65,-16.466667
13.65,-16.466667
13.65,-16.466667
13.65,-16.466667
13.65,-16.466667
13.65,-16.466667
13.65306,-16.44611
13.666,-16.5
13.666667,9.833333
13.71333,-9.54694
13.71667,21.33333
13.75,14.416667
13.75,9.083333
13.80181,8.98527
13.80926,-10.83457
13.85,-5.583333
13.85,14.75
13.916667,-5.616667
13.95,-5.6
13.96028,-5.51528
13.96081,-5.5158
13.96284,-5.35994
13.96934,-5.50964
13.98071,-5.31189
13.983333,-5.633333
14,-9.55
14.02465,-0.02332
14.10567,38.28495
14.10567,38.28495
14.1186,1.53397
14.15,-16.766667
14.2,-16.866667
14.2,-16.866667
14.2,-13.93333
14.25,-0.366667
14.25,0.116667
14.266667,-16.9
14.283333,-0.216667
14.316667,-0.3
14.332361,-3.413694
14.332361,-3.413694
14.332361,-3.413694
14.332361,-3.413694
14.332361,-3.413694
14.333333,-0.416667
14.333333,-0.416667
14.333333,-0.433333
14.333333,-0.416667
14.333333,-0.416667
14.333333,-0.466667
14.35,-0.383333
14.366,-0.283
14.366667,-0.316667
14.366667,-0.283333
14.383333,7.216667
14.383333,-0.3
14.4,-0.3
14.4,-0.3
14.4,-0.3
14.4,-4.38333
14.45,-0.366667
14.45893,-11.44363
14.46379,-3.30616
14.466667,-16.3
14.483333,5.616667
14.48504,-17.07461
14.51217,-3.27609
14.557222,-17.113889
14.61667,-17.03333
14.666667,5.75
14.76131,-17.02739
14.8,-16.933333
14.87813,15.40681
14.898889,-17.062222
14.898889,-17.062222
14.90267,-12.46385
14.916667,-0.65
15,-16.95
15,-0.783333
15.0065,-16.73694
15.01134,-4.23258
15.034444,-12.300278
15.034444,-12.300278
15.034444,-12.300278
15.034444,-12.300278
15.034444,-12.300278
15.07643,-12.81554
15.07643,-12.81554
15.124722,-12.72
15.124722,-12.72
15.166667,4.416667
15.2,10.716667
15.2,10.733333
15.2,10.733333
15.25,10.75
15.25,10.75
15.3,-16.45
15.32212,0.74734
15.32477,0.74545
15.37634,-16.44648
15.45417,18.73221
15.483333,11.1
15.65583,-13.25528
15.6561,-13.24677
15.683333,-13.183333
15.733333,5.783333
15.78057,-4.20287
15.816667,-1.283333
15.983333,4.833333
16.016667,-13.566667
16.018,-16.489
16.0825,-16.40972
16.0825,-16.40972
16.266667,-16.133333
16.273,-16.138
16.27743,-16.13898
16.27743,-16.13898
16.27743,-16.13898
16.27743,-16.13898
16.27743,-16.13898
16.27743,-16.13898
16.27743,-16.13898
16.27743,-16.13898
16.27743,-16.13898
16.27743,-16.13898
16.2801,-16.13892
16.4,-16.383333
16.45888,-15.69405
16.510278,-15.654444
16.510278,-15.654444
16.53333,-15.41667
16.54832,-14.83753
16.54832,-14.83753
16.56478,-14.83891
16.583,-14.87
16.583333,-14.266667
16.59854,-14.93574
16.66006,-14.95933
16.66216,-14.97418
16.666667,7.716667
16.666667,-16.95
17.333333,8.216667
17.35,8.366667
17.57069,-3.99617
19.033333,8.466667
32.73,-117.17
